icgc_mutation_id	icgc_donor_id	project_code	icgc_specimen_id	icgc_sample_id	matched_icgc_sample_id	submitted_sample_id	submitted_matched_sample_id	chromosome	chromosome_start	chromosome_end	chromosome_strand	assembly_version	mutation_type	reference_genome_allele	mutated_from_allele	mutated_to_allele	quality_score	probability	total_read_count	mutant_allele_read_count	verification_status	verification_platform	biological_validation_status	biological_validation_platform	consequence_type	aa_mutation	cds_mutation	gene_affected	transcript_affected	gene_build_version	platform	experimental_protocol	sequencing_strategy	base_calling_algorithm	alignment_algorithm	variation_calling_algorithm	other_analysis_algorithm	seq_coverage	raw_data_repository	raw_data_accession	initial_data_release_date
MU1649177	DO27779	MALY-DE	SP59304	SA320872	SA320870	tumor_4163639	control_4163639	6	136502941	136502941	1	GRCh37	single base substitution	A	A	C					not tested		not tested		intron_variant			ENSG00000237596	ENST00000585946	75	Illumina HiSeq	Paired End http://support.illumina.com/sequencing/sequencing_kits/pe_dna_sample_prep_kit.ilmn	WGS	Bustard http://www.illumina.com	BWA http://bio-bwa.sourceforge.net/				EGA	EGAS00001000394	
MU1649195	DO27779	MALY-DE	SP59304	SA320872	SA320870	tumor_4163639	control_4163639	6	139091645	139091645	1	GRCh37	single base substitution	G	G	A					not tested		not tested		intergenic_region					75	Illumina HiSeq	Paired End http://support.illumina.com/sequencing/sequencing_kits/pe_dna_sample_prep_kit.ilmn	WGS	Bustard http://www.illumina.com	BWA http://bio-bwa.sourceforge.net/				EGA	EGAS00001000394	
MU1649195	DO27779	MALY-DE	SP59304	SA320872	SA320870	tumor_4163639	control_4163639	6	139091645	139091645	1	GRCh37	single base substitution	G	G	A					not tested		not tested		upstream_gene_variant			ENSG00000024862	ENST00000332797	75	Illumina HiSeq	Paired End http://support.illumina.com/sequencing/sequencing_kits/pe_dna_sample_prep_kit.ilmn	WGS	Bustard http://www.illumina.com	BWA http://bio-bwa.sourceforge.net/				EGA	EGAS00001000394	
MU1649203	DO27779	MALY-DE	SP59304	SA320872	SA320870	tumor_4163639	control_4163639	6	140016235	140016235	1	GRCh37	single base substitution	C	C	T					not tested		not tested		intergenic_region					75	Illumina HiSeq	Paired End http://support.illumina.com/sequencing/sequencing_kits/pe_dna_sample_prep_kit.ilmn	WGS	Bustard http://www.illumina.com	BWA http://bio-bwa.sourceforge.net/				EGA	EGAS00001000394	
MU1649221	DO27779	MALY-DE	SP59304	SA320872	SA320870	tumor_4163639	control_4163639	6	140959786	140959786	1	GRCh37	single base substitution	T	T	G					not tested		not tested		intergenic_region					75	Illumina HiSeq	Paired End http://support.illumina.com/sequencing/sequencing_kits/pe_dna_sample_prep_kit.ilmn	WGS	Bustard http://www.illumina.com	BWA http://bio-bwa.sourceforge.net/				EGA	EGAS00001000394	
MU1649258	DO27779	MALY-DE	SP59304	SA320872	SA320870	tumor_4163639	control_4163639	6	143235820	143235820	1	GRCh37	single base substitution	A	A	C					not tested		not tested		intron_variant			ENSG00000010818	ENST00000367603	75	Illumina HiSeq	Paired End http://support.illumina.com/sequencing/sequencing_kits/pe_dna_sample_prep_kit.ilmn	WGS	Bustard http://www.illumina.com	BWA http://bio-bwa.sourceforge.net/				EGA	EGAS00001000394	
MU1649276	DO27779	MALY-DE	SP59304	SA320872	SA320870	tumor_4163639	control_4163639	6	145604835	145604835	1	GRCh37	single base substitution	A	A	T					not tested		not tested		intergenic_region					75	Illumina HiSeq	Paired End http://support.illumina.com/sequencing/sequencing_kits/pe_dna_sample_prep_kit.ilmn	WGS	Bustard http://www.illumina.com	BWA http://bio-bwa.sourceforge.net/				EGA	EGAS00001000394	
MU1649294	DO27779	MALY-DE	SP59304	SA320872	SA320870	tumor_4163639	control_4163639	6	146674548	146674548	1	GRCh37	single base substitution	C	C	T					not tested		not tested		intron_variant			ENSG00000152822	ENST00000507907	75	Illumina HiSeq	Paired End http://support.illumina.com/sequencing/sequencing_kits/pe_dna_sample_prep_kit.ilmn	WGS	Bustard http://www.illumina.com	BWA http://bio-bwa.sourceforge.net/				EGA	EGAS00001000394	
MU1649294	DO27779	MALY-DE	SP59304	SA320872	SA320870	tumor_4163639	control_4163639	6	146674548	146674548	1	GRCh37	single base substitution	C	C	T					not tested		not tested		intron_variant			ENSG00000152822	ENST00000355289	75	Illumina HiSeq	Paired End http://support.illumina.com/sequencing/sequencing_kits/pe_dna_sample_prep_kit.ilmn	WGS	Bustard http://www.illumina.com	BWA http://bio-bwa.sourceforge.net/				EGA	EGAS00001000394	
